{
  "m_hdr": {
    "m_endianFlag": 0,
    "m_version": 2,
    "m_imageSize": 1180,
    "m_checksum": 82453650,
    "m_runtimeFlags": 0,
    "m_constantFlags": 0
  },
  "m_sectHdr": {
    "m_id": 65536,
    "m_size": 1168,
    "m_pointerSize": 1
  },
  "m_setHdr": {
    "m_endianFlag": 0,
    "m_version": 40,
    "m_numGraphs": 1
  },
  "m_graphHdr": {
    "m_version": 40,
    "m_layer": 0,
    "m_areaBytes": 800,
    "m_kdTreeBytes": 32,
    "m_linkRecordBytes": 0,
    "m_totalBytes": 1156,
    "m_buildScale": 2.00000000000000000,
    "m_voxSize": 0.10000000149011612,
    "m_radius": 0.20000000298023224,
    "m_stepHeight": 0.30000001192092896,
    "m_height": 1.79999995231628418,
    "m_bbox": {
      "m_min": {
        "X": -8.00000000000000000,
        "Y": -24.00000000000000000,
        "Z": 0.00000000000000000
      },
      "m_max": {
        "X": 8.00000000000000000,
        "Y": 8.00000000000000000,
        "Z": 0.00000000000000000
      }
    },
    "m_buildUpAxis": 2
  },
  "m_areas": [
    {
      "m_area": {
        "m_pProxy": 0,
        "m_dynAreaData": 0,
        "m_pFirstLink": 0,
        "m_pSearchParent": 0,
        "m_pos": {
          "X": -6.00000000000000000,
          "Y": 0.00000000000000000,
          "Z": 0.00000000000000000
        },
        "m_radius": 11.31370830535888672,
        "m_searchCost": 4294967295,
        "m_usageFlags": "Flat",
        "m_flags": {
          "m_flags1": 33554308,
          "m_flags2": 34668544,
          "m_flags3": 0,
          "m_flags4": 0
        }
      },
      "m_edges": [
        {
          "m_pAdjArea": 0,
          "m_pos": {
            "X": -8.00000000000000000,
            "Y": -8.00000000000000000,
            "Z": 0.00000000000000000
          },
          "m_flags1": 4294901760,
          "m_flags2": 0
        },
        {
          "m_pAdjArea": 0,
          "m_pos": {
            "X": -4.00000000000000000,
            "Y": -8.00000000000000000,
            "Z": 0.00000000000000000
          },
          "m_flags1": 4294901760,
          "m_flags2": 0
        },
        {
          "m_pAdjArea": 2,
          "m_pos": {
            "X": -4.00000000000000000,
            "Y": 8.00000000000000000,
            "Z": 0.00000000000000000
          },
          "m_flags1": 4294901760,
          "m_flags2": 0
        },
        {
          "m_pAdjArea": 0,
          "m_pos": {
            "X": -8.00000000000000000,
            "Y": 8.00000000000000000,
            "Z": 0.00000000000000000
          },
          "m_flags1": 4294901760,
          "m_flags2": 0
        }
      ]
    },
    {
      "m_area": {
        "m_pProxy": 0,
        "m_dynAreaData": 0,
        "m_pFirstLink": 0,
        "m_pSearchParent": 0,
        "m_pos": {
          "X": 0.00000000000000000,
          "Y": 0.00000000000000000,
          "Z": 0.00000000000000000
        },
        "m_radius": 11.31370830535888672,
        "m_searchCost": 4294967295,
        "m_usageFlags": "Flat",
        "m_flags": {
          "m_flags1": 33554308,
          "m_flags2": 34668544,
          "m_flags3": 0,
          "m_flags4": 0
        }
      },
      "m_edges": [
        {
          "m_pAdjArea": 1,
          "m_pos": {
            "X": -4.00000000000000000,
            "Y": -8.00000000000000000,
            "Z": 0.00000000000000000
          },
          "m_flags1": 4294901760,
          "m_flags2": 0
        },
        {
          "m_pAdjArea": 4,
          "m_pos": {
            "X": 4.00000000000000000,
            "Y": -8.00000000000000000,
            "Z": 0.00000000000000000
          },
          "m_flags1": 4294901760,
          "m_flags2": 0
        },
        {
          "m_pAdjArea": 3,
          "m_pos": {
            "X": 4.00000000000000000,
            "Y": 8.00000000000000000,
            "Z": 0.00000000000000000
          },
          "m_flags1": 4294901760,
          "m_flags2": 0
        },
        {
          "m_pAdjArea": 0,
          "m_pos": {
            "X": -4.00000000000000000,
            "Y": 8.00000000000000000,
            "Z": 0.00000000000000000
          },
          "m_flags1": 4294901760,
          "m_flags2": 0
        }
      ]
    },
    {
      "m_area": {
        "m_pProxy": 0,
        "m_dynAreaData": 0,
        "m_pFirstLink": 0,
        "m_pSearchParent": 0,
        "m_pos": {
          "X": 6.00000000000000000,
          "Y": 0.00000000000000000,
          "Z": 0.00000000000000000
        },
        "m_radius": 11.31370830535888672,
        "m_searchCost": 4294967295,
        "m_usageFlags": "Flat",
        "m_flags": {
          "m_flags1": 33554308,
          "m_flags2": 34668544,
          "m_flags3": 0,
          "m_flags4": 0
        }
      },
      "m_edges": [
        {
          "m_pAdjArea": 2,
          "m_pos": {
            "X": 4.00000000000000000,
            "Y": -8.00000000000000000,
            "Z": 0.00000000000000000
          },
          "m_flags1": 4294901760,
          "m_flags2": 0
        },
        {
          "m_pAdjArea": 0,
          "m_pos": {
            "X": 8.00000000000000000,
            "Y": -8.00000000000000000,
            "Z": 0.00000000000000000
          },
          "m_flags1": 4294901760,
          "m_flags2": 0
        },
        {
          "m_pAdjArea": 0,
          "m_pos": {
            "X": 8.00000000000000000,
            "Y": 8.00000000000000000,
            "Z": 0.00000000000000000
          },
          "m_flags1": 4294901760,
          "m_flags2": 0
        },
        {
          "m_pAdjArea": 0,
          "m_pos": {
            "X": 4.00000000000000000,
            "Y": 8.00000000000000000,
            "Z": 0.00000000000000000
          },
          "m_flags1": 4294901760,
          "m_flags2": 0
        }
      ]
    },
    {
      "m_area": {
        "m_pProxy": 0,
        "m_dynAreaData": 0,
        "m_pFirstLink": 0,
        "m_pSearchParent": 0,
        "m_pos": {
          "X": 0.00000000000000000,
          "Y": -16.00000000000000000,
          "Z": 0.00000000000000000
        },
        "m_radius": 11.31370830535888672,
        "m_searchCost": 4294967295,
        "m_usageFlags": "Flat",
        "m_flags": {
          "m_flags1": 33554308,
          "m_flags2": 34668544,
          "m_flags3": 0,
          "m_flags4": 0
        }
      },
      "m_edges": [
        {
          "m_pAdjArea": 2,
          "m_pos": {
            "X": -4.00000000000000000,
            "Y": -8.00000000000000000,
            "Z": 0.00000000000000000
          },
          "m_flags1": 4294901760,
          "m_flags2": 0
        },
        {
          "m_pAdjArea": 0,
          "m_pos": {
            "X": 4.00000000000000000,
            "Y": -8.00000000000000000,
            "Z": 0.00000000000000000
          },
          "m_flags1": 4294901760,
          "m_flags2": 0
        },
        {
          "m_pAdjArea": 0,
          "m_pos": {
            "X": 4.00000000000000000,
            "Y": -24.00000000000000000,
            "Z": 0.00000000000000000
          },
          "m_flags1": 4294901760,
          "m_flags2": 0
        },
        {
          "m_pAdjArea": 2,
          "m_pos": {
            "X": -4.00000000000000000,
            "Y": -24.00000000000000000,
            "Z": 0.00000000000000000
          },
          "m_flags1": 4294901760,
          "m_flags2": 0
        }
      ]
    }
  ],
  "m_kdTreeData": {
    "m_bbox": {
      "m_min": {
        "X": -8.00000000000000000,
        "Y": -24.00000000000000000,
        "Z": 0.00000000000000000
      },
      "m_max": {
        "X": 8.00000000000000000,
        "Y": 8.00000000000000000,
        "Z": 0.00000000000000000
      }
    },
    "m_size": 4
  },
  "m_rootKDNode": {
    "m_data": 2147483972
  }
}